<TAXON_SET>
<taxon scientificName="Homo sapiens" commonName="human" taxId="9606" parentTaxId="9605" rank="species" hidden="true" taxonomicDivision="HUM" geneticCode="1" mitochondrialGeneticCode="2">
<lineage>
<taxon scientificName="Homo" taxId="9605" rank="genus" hidden="false"/>
<taxon scientificName="Homininae" taxId="207598" rank="subfamily" hidden="true"/>
<taxon scientificName="Hominidae" taxId="9604" rank="family" hidden="false"/>
<taxon scientificName="Hominoidea" taxId="314295" rank="superfamily" hidden="true"/>
<taxon scientificName="Catarrhini" taxId="9526" rank="parvorder" hidden="false"/>
<taxon scientificName="Simiiformes" taxId="314293" rank="infraorder" hidden="true"/>
<taxon scientificName="Haplorrhini" taxId="376913" rank="suborder" hidden="false"/>
<taxon scientificName="Primates" taxId="9443" rank="order" hidden="false"/>
<taxon scientificName="Euarchontoglires" taxId="314146" rank="superorder" hidden="false"/>
<taxon scientificName="Boreoeutheria" taxId="1437010" hidden="true"/>
<taxon scientificName="Eutheria" commonName="placentals" taxId="9347" hidden="false"/>
<taxon scientificName="Theria" taxId="32525" hidden="true"/>
<taxon scientificName="Mammalia" commonName="mammals" taxId="40674" rank="class" hidden="false"/>
<taxon scientificName="Amniota" commonName="amniotes" taxId="32524" hidden="true"/>
<taxon scientificName="Tetrapoda" commonName="tetrapods" taxId="32523" hidden="true"/>
<taxon scientificName="Dipnotetrapodomorpha" taxId="1338369" hidden="true"/>
<taxon scientificName="Sarcopterygii" taxId="8287" rank="superclass" hidden="true"/>
<taxon scientificName="Euteleostomi" commonName="bony vertebrates" taxId="117571" hidden="false"/>
<taxon scientificName="Teleostomi" taxId="117570" hidden="true"/>
<taxon scientificName="Gnathostomata" commonName="jawed vertebrates" taxId="7776" hidden="true"/>
<taxon scientificName="Vertebrata" commonName="vertebrates" taxId="7742" hidden="false"/>
<taxon scientificName="Craniata" taxId="89593" rank="subphylum" hidden="false"/>
<taxon scientificName="Chordata" commonName="chordates" taxId="7711" rank="phylum" hidden="false"/>
<taxon scientificName="Deuterostomia" taxId="33511" hidden="true"/>
<taxon scientificName="Bilateria" taxId="33213" hidden="true"/>
<taxon scientificName="Eumetazoa" taxId="6072" hidden="true"/>
<taxon scientificName="Metazoa" commonName="metazoans" taxId="33208" rank="kingdom" hidden="false"/>
<taxon scientificName="Opisthokonta" taxId="33154" hidden="true"/>
<taxon scientificName="Eukaryota" commonName="eucaryotes" taxId="2759" rank="superkingdom" hidden="false"/>
<taxon scientificName="cellular organisms" taxId="131567" hidden="true"/>
<taxon scientificName="root" taxId="1" hidden="true"/>
</lineage>
<children>
<taxon scientificName="Homo sapiens neanderthalensis" taxId="63221" rank="subspecies"/>
<taxon scientificName="Homo sapiens subsp. 'Denisova'" commonName="Denisova hominin" taxId="741158" rank="subspecies"/>
</children>
</taxon>
</TAXON_SET>